ItemID,PROD_CD,UnitPerCase,CaseWeight,UnitWeight,CaseDimensionL,CaseDimensionW,CaseDimensionH
BL5001,BL5001,120,27,0.23,19.5,14,14.75
BL5002,BL5002,100,16,0.16,12,12,12.5
BR5005,BR5005/BU,200,37,0.19,0,0,0
BR5005,BR5005/W,200,37,0.19,0,0,0
CH1006,CH1006,50,29,0.58,0,0,0
CK800,CK800/B,16,28,1.75,0,0,0
CK801,CK801/W,0,0,0,0,0,0
CK802,CK802/B,0,0,0,0,0,0
CK802,CK802/W,0,0,0,0,0,0
CK803,CK803/B,0,0,0,0,0,0
CK803,CK803/W,0,0,0,0,0,0
CK804,CK804,0,0,0,0,0,0
CK805,CK805,0,0,0,0,0,0
CK806,CK806,40,20,0.5,11,21,10
CK806,CK806/S,20,22,1.1,11,11,10
CK807,CK807,100,18,0.18,0,0,0
CK808,CK808,0,0,0,0,0,0
CK809,CK809,1,0,0,0,0,0
CK810,CK810A,10,28,2.8,21,14,14
CK810,CK810H,10,28,2.8,21,14,14
CK810,CK811/B,5,20,4,18,17,17
CK811,CK811/G,0,0,0,0,0,0
CK811,CK811/R,5,20,4,18,17,17
CK812,CK812/B,10,24,2.4,21,13,13
CK812,CK812/G,10,24,2.4,21,13,13
CK813,CK813,0,0,0,0,0,0
CK813,CK813/S,10,28,2.8,21,15,15
CK813,CK813/T,10,28,2.8,21,15,15
CK815,CK815/B,120,42,0.35,20,14,17
CK815,CK815/S,120,42,0.35,20,14,17
CK816,CK816/B,100,25,0.25,18,15,10
CK816,CK816/G,100,25,0.25,18,15,10
CK817,CK817,100,30,0.3,20,10,10
CK818,CK818,40,31,0.8,14,19,15
CK819,CK819/B,20,28,1.4,26,14,19
CK819,CK819/S,20,28,1.4,26,14,19
CK819,CK819/W,20,28,1.4,26,14,19
CK820,CK820,5,20,4,19,16,15
CK821,CK821,10,24,2.4,24,14,14
CK833,CK822,4,30,7.5,27,25,10
CK823,CK823,20,14,0.7,19,13,14
CK824,CK824,40,43,1.08,24,14.5,13.5
CK825,CK825,100,39,0.4,0,0,0
CK826,CK826,40,33,0.83,23,20,11
CK827,CK827,100,45,0.5,0,0,0
CK828,CK828,100,36,0.4,0,0,0
CK829,CK829,30,17,0.6,0,0,0
CK830,CK830,50,37,0.74,0,0,0
CK8301,CK8301,20,21,1.05,0,0,0
CK8302,CK8302,20,18,0.9,0,0,0
CK8303,CK8303,20,20,1,0,0,0
CK831,CK831,10,23,2.3,23,15,15
CK832,CK832,10,23,2.3,23,15,15
CK834,CK833,5,10,2,17,13,13
CK834,CK834,5,10,2,17,13,13
CK835,CK835,5,15,3,17,16,15
CK836,CK836,5,15,3,17,16,15
CK8401,CK8401/B,6,20,3.5,18.5,12.5,12.5
CK8402,CK8401/G,6,20,3.5,18.5,12.5,12.5
CK8403,CK8401/R,6,20,3.5,18.5,12.5,12.5
CK8402,CK8402/B,12,30,2.2,20,19.5,17
CK8403,CK8402/G,12,30,2.2,20,19.5,17
CK8404,CK8402/P,12,30,2.2,20,19.5,17
CK8405,CK8402/PK,12,30,2.2,20,19.5,17
CK8406,CK8402/R,12,30,2.2,20,19.5,17
CK8407,CLASS0L,1,0,0,0,0,0
CK8408,CLASS0M,0,0,0,0,0,0
CK8409,DF4001_NVY,10,30,3,0,0,0
CK8410,DF4002_BLK,10,30,3,0,0,0
CK8411,DF4002_RED,10,30,3,0,0,0
CK8412,DF4003_BLK,15,30,2,0,0,0
CK8413,DF4003_LGRY,15,30,2,0,0,0
CK8414,DF4003_RBLU,15,30,2,0,0,0
CK8415,DF4004_BLK,10,31,3.1,0,0,0
CK8416,DF4004_LGRY,10,31,3.1,0,0,0
CK8417,DF4004_NVY,10,31,3.1,0,0,0
CK8418,DF4005_BLK,4,30,7.5,0,0,0
CK8419,DF4005_NVY,4,30,7.5,0,0,0
DF4006,DF4006_BLK,25,18,0.72,18,11,14
DF4007,DF4006_LBLU,25,18,0.72,18,11,14
DF4008,DF4006_PNK,25,18,0.72,18,11,14
DF4009,DF4006_RBLU,25,18,0.72,18,11,14
DF4010,DF4006_RED,25,18,0.72,18,11,14
DF4011,DF4007_BLK,200,35,0.2,0,0,0
DF4012,DF4007_GLD,200,35,0.2,0,0,0
DF4013,DF4007_GRN,200,35,0.2,0,0,0
DF4014,DF4007_MRN,200,35,0.2,0,0,0
DF4015,DF4007_NVY,200,35,0.2,0,0,0
DF4016,DF4007_ORG,200,35,0.2,0,0,0
DF4017,DF4007_PNK,200,35,0.2,0,0,0
DF4018,DF4007_PUR,200,35,0.2,0,0,0
DF4019,DF4007_RED,200,35,0.2,0,0,0
DF4008,DF4008_BLK,100,31,0.31,0,0,0
DF4009,DF4008_BWR,100,31,0.31,0,0,0
DF4009,DF4008_BWS,100,31,0.31,0,0,0
DF4009,DF4009_BLK,25,35,1.4,0,0,0
DF4009,DF4009_NVY,25,35,1.4,0,0,0
DF4010,DF4010_BLK,25,24,0.96,17,12,15
DF4011,DF4011_BLK,20,38,0.9,20,20,20
DF4011,DF4011_LGRY,20,38,1.9,0,0,0
DF4011,DF4011_NVY,20,38,1.9,0,0,0
DF4011,DF4011_RBLU,20,38,1.9,0,0,0
DF4012,DF4012_BLK,25,33,1.32,20,21,14
DF4013,DF4013_BLK,10,22,2.2,19,13,15
DF4014,DF4014_NAT,25,25,1,0,0,0
DF4014,DF4014_TAP,25,25,1,0,0,0
DF4015,DF4015_BLK,50,38,0.76,0,0,0
DF4015,DF4015_LBLU,50,38,0.76,0,0,0
DF4015,DF4015_PNK,50,38,0.76,0,0,0
DF4015,DF4015_RBLU,50,38,0.76,0,0,0
DF4015,DF4015_RED,50,38,0.76,0,0,0
DF4016,DF4016_RBLU,20,42,2.1,24,19,24
DF4017,DF4017_BLK,50,20,0.4,0,0,0
DF4017,DF4017_LBLU,50,20,0.4,0,0,0
DF4017,DF4017_ORG,50,20,0.4,0,0,0
DF4017,DF4017_PNK,50,20,0.4,0,0,0
DF4017,DF4017_RBLU,50,20,0.4,0,0,0
DF4017,DF4017_RED,50,20,0.4,0,0,0
DF4018,DF4018_BLACK,20,32,1.6,0,0,0
DF4018,DF4018_RBLU,20,32,1.6,0,0,0
DF4018,DF4018_RED,20,32,1.6,0,0,0
DF4018,DF4019_BLK,30,23,0.8,0,0,0
DF4018,DF4019_BLU,30,23,0.8,0,0,0
DF4018,DF4019_RED,30,23,0.8,0,0,0
DF4020,DF4020_BLK,30,37,1.25,0,0,0
DF4020,DF4020_RBLU,30,37,1.25,0,0,0
DF4020,DF4020_RED,30,37,1.25,0,0,0
DF4021,DF4021_BLK,30,34,1.15,0,0,0
DF4021,DF4021_RBLU,30,34,1.15,0,0,0
DF4021,DF4021_RED,30,34,1.15,0,0,0
DF4021,DF4022_BLK,10,26,2.6,21,13,14
DF4021,DF4022_NVY,10,26,2.6,21,13,14
DF4021,DF4023_BLK,10,32,3.2,26,12,13
DF4021,DF4024_BLK,10,34,3.4,0,0,0
DF4021,DF4024_RED,10,34,3.4,0,0,0
DF4025,DF4025_WWB,40,30,0.75,0,0,0
DF4025,DF4025_WWR,40,30,0.75,0,0,0
DF4026,DF4026_WWB,40,28,0.7,0,0,0
DF4026,DF4026_WWNBLUE,40,28,0.7,0,0,0
DF4026,DF4026_WWR,40,28,0.7,0,0,0
DF4027,DF4027_BLK,40,34,0.85,0,0,0
DF4027,DF4027_BLU,40,34,0.85,0,0,0
DF4027,DF4027_LGRYWB,40,34,0.85,0,0,0
DF4027,DF4027_RWB,40,34,0.85,0,0,0
DF4028,DF4028_BLK,25,30,1.2,0,0,0
DF4028,DF4028_NVY,25,30,1.2,0,0,0
DF4028,DF4028_RBLU,25,30,1.2,0,0,0
DF4028,DF4028_RED,25,30,1.2,0,0,0
DF4029,DF4029_BLK,50,32,0.65,0,0,0
DF4029,DF4029_NVY,50,32,0.65,0,0,0
DF4029,DF4029_RBLU,50,32,0.65,0,0,0
DF4029,DF4029_RED,50,32,0.65,0,0,0
DF4030,DF4030_BLK,50,30,0.6,22,11,19
DF4030,DF4030_LBLU,50,30,0.6,22,11,19
DF4030,DF4030_PNK,50,30,0.6,22,11,19
DF4030,DF4030_RBLU,50,30,0.6,22,11,19
DF4030,DF4030_RED,50,30,0.6,22,11,19
DF4030,DF4031_NAT,50,27,0.55,0,0,0
DF4030,DF4031_TAP,50,27,0.55,0,0,0
DF4032,DF4032_TAP,50,27,0.55,0,0,0
DF4033,DF4033_BLK,80,22,0.3,0,0,0
DF4033,DF4033_HPNK,80,22,0.3,0,0,0
DF4033,DF4033_PUR,80,22,0.3,0,0,0
DF4033,DF4033_RBLU,80,22,0.3,0,0,0
DF4033,DF4033_RED,80,22,0.3,0,0,0
DF4034,DF4034_BLK,50,27,0.55,16,13,14
DF4034,DF4034_LBLU,50,27,0.55,16,13,14
DF4034,DF4034_PNK,50,27,0.55,16,13,14
DF4034,DF4034_RBLU,50,27,0.55,16,13,14
DF4035,DF4035_CWB,50,40,0.85,18,20,14
DF4035,DF4035_CWRBLU,50,40,0.85,18,20,14
DF4036,DF4036_BLK,100,38,0.38,23,14,18
DF4036,DF4036_NVY,100,38,0.38,23,14,18
DF4036,DF4036_RBLU,100,38,0.38,23,14,18
DF4036,DF4036_RED,100,38,0.38,23,14,18
DF4036,DF4036_TEA,100,38,0.38,23,14,18
DF4036,DF4036_WHT,100,38,0.38,23,14,18
DF4036,DF4037_BLK,100,25,0.25,0,0,0
DF4036,DF4037_RED,100,25,0.25,0,0,0
DF4036,DF4038_NVY,100,25,0.25,0,0,0
DF4036,DF4038_RED,100,25,0.25,0,0,0
DF4039,DF4039_BLK,50,42,0.85,0,0,0
DF4040,DF4040_NWB,40,30,0.75,0,0,0
DF4040,DF4040_NWNVY,40,30,0.75,0,0,0
DF4041,DF4041_BLK,100,29,0.29,24,12,13
DF4041,DF4041_NVY,100,29,0.29,24,12,13
DF4041,DF4041_RBLU,100,29,0.29,24,12,13
DF4041,DF4041_RED,100,29,0.29,24,12,13
DF4041,DF4041_TEA,100,29,0.29,24,12,13
DF4042,DF4042_BLK,50,32,0.65,18.5,14,11.5
DF4042,DF4042_NVY,50,32,0.65,18.5,14,11.5
DF4042,DF4042_RBLU,50,32,0.65,18.5,14,11.5
DF4042,DF4042_RED,50,32,0.65,18.5,14,11.5
DF4042,DF4042_TEA,50,32,0.64,18.5,14,11.5
DF4042,DF4043_BLK,30,40,1.35,0,0,0
DF4042,DF4043_NVY,30,40,1.35,0,0,0
DF4044,DF4044_ORG,50,32,0.65,0,0,0
DF4044,DF4044_RBLU,50,32,0.65,0,0,0
DF4044,DF4044_RED,50,32,0.65,0,0,0
DF4045,DF4045_RBLU,50,33,0.66,0,0,0
DF4046,DF4046_LGRN,30,47,1.57,0,0,0
DF4046,DF4046_RED,30,47,1.57,0,0,0
DF4047,DF4047_BLK,50,30,0.6,0,0,0
DF4047,DF4047_NVY,50,30,0.6,0,0,0
DF4047,DF4047_RBLU,50,30,0.6,0,0,0
DF4047,DF4047_RED,50,30,0.6,0,0,0
DF4047,DF4048_BLK,15,32,2.15,0,0,0
DF4047,DF4048_NVY,15,32,2.15,0,0,0
DF4047,DF4049_BLK,30,29,1,0,0,0
DF4047,DF4049_NVY,30,29,1,0,0,0
DF4050,DF4050_WWB,50,24,0.48,19,11,13
DF4050,DF4050_WWRBLU,50,24,0.48,19,11,13
DF4051,DF4051_BLK,250,25,0.1,0,0,0
DF4051,DF4051_NVY,250,24,0.1,0,0,0
DF4051,DF4051_RBLU,250,24,0.1,0,0,0
DF4051,DF4051_RED,250,24,0.1,0,0,0
DF4051,DF4051_TEA,250,24,0.1,0,0,0
DF4052,DF4052_BLK,15,33,2.2,0,0,0
DF4052,DF4052_NVY,15,33,2.2,0,0,0
DF4052,DF4053_BLK,10,27,2.7,0,0,0
DF4052,DF4053_SWB,10,27,1.7,0,0,0
DF4054,DF4054_BLK,10,27,2.7,0,0,0
DF4054,DF4054_SWB,10,27,2.7,0,0,0
DF4054,DF4055/BLU,50,14,0.28,0,0,0
DF4054,DF4055/RED,50,14,0.28,22,11,21
DF4054,DF4056/BLK,100,18,0.18,17,16,17
DF4054,DF4056/BLU,100,18,0.18,17,16,17
DF4054,DF4056/GRN,100,18,0.18,17,16,17
DF4054,DF4056/RED,100,18,0.18,17,16,17
DF4057,DF4057/BLK,100,19,0.19,19,15,15
DF4057,DF4057/BLU,100,19,0.19,19,15,15
DF4057,DF4057/GRN,100,19,0.19,19,15,15
DF4057,DF4057/RED,100,19,0.19,19,15,15
DF4058,DF4058/BLK,40,12,0.3,0,0,0
DF4058,DF4058/BRN,40,12,0.3,0,0,0
DF4058,DF4058/GRN,40,12,0.3,0,0,0
DF4058,DF4058/NAT,40,12,0.3,0,0,0
DF4059,DF4059/BLK,100,16,0.16,18,14,16
DF4059,DF4059/BLU,100,16,0.16,18,14,16
DF4059,DF4059/GRN,100,16,0.16,18,14,16
DF4059,DF4059/ORG,100,16,0.16,18,14,16
DF4059,DF4059/RED,100,16,0.16,18,14,16
DF4060,DF4060/BLK,100,16,0.16,20,14,16
DF4060,DF4060/BLU,100,16,0.16,20,14,16
DF4060,DF4060/RED,100,16,0.16,20,14,16
DF4061,DF4061/BLK,100,19,0.19,21,16,13
DF4061,DF4061/BLU,100,19,0.19,21,16,13
DF4061,DF4061/RED,100,19,0.19,21,16,13
DF4062,DF4062/BLU,50,14,0.28,20,10,17
DF4062,DF4062/GRN,50,14,0.28,20,10,17
DF4062,DF4062/ORG,50,14,0.28,0,0,0
DF4062,DF4062/RED,50,14,0.28,20,10,17
DF4063,DF4063/BLK,100,21,0.21,20,12,16
DF4063,DF4063/BLU,100,21,0.21,20,12,16
DF4063,DF4063/GRN,100,21,0.21,20,12,16
DF4063,DF4063/RED,100,21,0.21,20,12,16
DF4064,DF4064/BLK,50,0.34,17,0,0,0
DF4064,DF4064/GRN,50,0.34,17,0,0,0
DF4065,DF4065,50,23,0.46,0,0,0
DF4066,DF4066,100,31,0.31,0,0,0
DF4067,DF4067/BLK,100,24,0.24,0,0,0
DF4067,DF4067/BLU,100,24,0.24,0,0,0
DF4067,DF4067/GRN,100,24,0.24,0,0,0
DF4067,DF4067/RED,100,24,0.24,0,0,0
DF4068,DF4068/BLK,50,11,0.22,20,18,11
DF4068,DF4068/BLU,50,11,0.22,20,18,11
DF4068,DF4068/GRN,50,11,0.22,20,18,11
DF4068,DF4068/RED,50,11,0.22,20,18,11
DF4069,DF4069/BLK,50,18,0.36,22,20,15
DF4069,DF4069/BLU,50,18,0.36,22,20,15
DF4069,DF4069/GRN,50,18,0.36,22,20,15
DF4069,DF4069/RED,50,18,0.36,22,20,15
DF4070,DF4070/BLK,50,24,0.48,27,16,16
DF4070,DF4070/BLU,50,24,0.48,27,19,16
DF4070,DF4070/GRN,50,24,0.48,27,19,16
DF4070,DF4070/RED,50,24,0.48,27,19,16
DF4071,DF4071/BLK,100,22,0.22,0,0,0
DF4071,DF4071/BLU,100,22,0.22,0,0,0
DF4071,DF4071/GRN,100,22,0.22,0,0,0
DF4071,DF4071/RED,100,22,0.22,0,0,0
DF4071,DF4072/BLK,100,18,0.18,23,22,13
DF4071,DF4072/BLU,100,18,0.18,23,22,13
DF4071,DF4072/GRN,100,18,0.18,23,22,13
DF4071,DF4072/RED,100,18,0.18,23,22,13
DF4073,DF4073/BLK,100,35,0.35,16,31,15
DF4073,DF4073/BLU,100,35,0.35,16,31,15
DF4073,DF4073/GRN,100,35,0.35,16,31,15
DF4073,DF4073/LIM,100,35,0.35,16,31,15
DF4073,DF4073/NBL,100,35,0.35,16,31,15
DF4073,DF4073/RED,100,35,0.35,16,31,15
DF4074,DF4074/BLK,100,14,0.14,19,11,16
DF4074,DF4074/GRN,100,14,0.14,19,11,16
DF4074,DF4074/LIM,100,14,0.14,19,11,16
DF4074,DF4074/PNK,100,14,0.14,19,11,16
DF4074,DF4074/PUR,100,14,0.14,19,11,16
DF4074,DF4074/RBL,100,14,0.14,19,11,16
DF4074,DF4074/RED,100,14,0.14,19,11,16
DF4075,DF4075/BLK,100,28,0.28,0,0,0
DF4075,DF4075/GRN,100,28,0.28,0,0,0
DF4075,DF4075/GRY,100,28,0.28,0,0,0
DF4075,DF4075/PUR,100,28,0.28,0,0,0
DF4075,DF4075/RBL,100,28,0.28,0,0,0
DF4075,DF4075/RED,100,28,0.28,0,0,0
DF4076,DF4076/LIM,50,22,0.44,0,0,0
DF4076,DF4076/RBL,50,22,0.44,0,0,0
DF4076,DF4076/RED,50,22,0.44,0,0,0
DF4077,DF4077/GRY,50,25,0.5,18,11,15
DF4077,DF4077/LIM,50,25,0.5,18,11,15
DF4077,DF4077/NBL,50,25,0.5,18,11,15
DF4077,DF4077/ORG,50,25,0.5,18,11,15
DF4077,DF4077/PUR,50,25,0.5,18,11,15
DF4077,DF4077/RED,50,25,0.5,18,11,15
DF4078,DF4078/BLK,50,29,0.58,0,0,0
DF4078,DF4078/BRN,50,29,0.58,0,0,0
DF4078,DF4078/RBL,50,29,0.58,0,0,0
DF4078,DF4078/RED,50,29,0.58,0,0,0
DF4079,DF4079/BLK,50,31,0.62,21,10,15
DF4079,DF4079/RBL,50,31,0.62,21,10,15
DF4079,DF4079/RED,50,31,0.62,21,10,15
DF4080,DF4080/BLK,50,31,0.62,21,13,14
DF4080,DF4080/NAT,50,31,0.62,21,13,14
DF4080,DF4080/RBL,50,31,0.62,21,13,14
DF4080,DF4080/RED,50,31,0.62,21,13,14
DF4081,DF4081,50,27,0.54,0,0,0
DF4082,DF4082/BLK,200,26,0.13,20,13,17
DF4082,DF4082/BUR,200,26,0.13,20,13,17
DF4082,DF4082/GLD,200,26,0.13,20,13,17
DF4082,DF4082/GRN,200,26,0.13,20,13,17
DF4082,DF4082/LIM,200,26,0.13,20,13,17
DF4082,DF4082/NBL,200,26,0.13,20,13,17
DF4082,DF4082/ORG,200,26,0.13,20,13,17
DF4082,DF4082/PUR,200,26,0.13,20,13,17
DF4082,DF4082/RBL,200,26,0.13,20,13,17
DF4082,DF4082/RED,200,26,0.13,20,13,17
DF4083,DF4083/BLK,200,39,0.2,20,15,16
DF4083,DF4083/GRN,200,39,0.2,20,15,16
DF4083,DF4083/LIM,200,39,0.2,20,15,16
DF4083,DF4083/RBL,200,39,0.2,20,15,16
DF4083,DF4083/RED,200,39,0.2,20,15,16
DF4084,DF4084/BLK,200,38,0.2,20,15,16
DF4084,DF4084/LIM,200,38,0.2,20,15,16
DF4084,DF4084/PUR,200,38,0.2,20,15,16
DF4084,DF4084/RBL,200,38,0.2,20,15,16
DF4084,DF4084/RED,200,38,0.2,20,15,16
DF4084,DF4085,100,42,0.42,0,0,0
DF4086,DF4086/BLK,50,34,0.68,20,15,15
DF4086,DF4086/GRY,50,34,0.68,20,15,15
DF4086,DF4086/LIM,50,34,0.68,20,15,15
DF4086,DF4086/ORG,50,34,0.68,20,15,15
DF4086,DF4086/RBL,50,34,0.68,20,15,15
DF4086,DF4086/RED,50,34,0.68,20,15,15
DF4087,DF4087/BLK,40,28,0.7,18,14,16
DF4087,DF4087/RBL,40,28,0.7,18,14,16
DF4087,DF4087/RED,40,28,0.7,18,14,16
DF4088,DF4088/BLK,50,31,0.62,18,16,15
DF4088,DF4088/LIM,50,31,0.62,18,16,15
DF4088,DF4088/RBL,50,31,0.62,18,16,15
DF4088,DF4088/RED,50,31,0.62,18,16,15
DF4089,DF4089/BLK,25,21,0.88,19,11,15
DF4089,DF4089/GRN,25,21,0.88,19,11,15
DF4090,DF4090/BLK,50,23,0.46,20,11,15
DF4090,DF4090/GRY,50,23,0.46,20,11,15
DF4090,DF4090/LIM,50,23,0.46,20,11,15
DF4090,DF4090/RBL,50,23,0.46,20,11,15
DF4091,DF4091/BLK,50,26,0.52,20,12,15
DF4091,DF4091/LIM,50,26,0.52,20,12,15
DF4091,DF4091/ORG,50,26,0.52,20,12,15
DF4091,DF4091/RBL,50,26,0.52,20,12,15
DF4091,DF4091/RED,50,26,0.52,20,12,15
DF4092,DF4092/BLK,25,17,0.68,18,12,13
DF4092,DF4092/GRY,25,17,0.68,18,12,13
DF4092,DF4092/LIM,25,17,0.68,18,12,13
DF4092,DF4092/ORG,25,17,0.68,18,12,13
DF4092,DF4092/RBL,25,17,0.68,18,12,13
DF4092,DF4092/RED,25,17,0.68,18,12,13
DF4093,DF4093/GRY,20,16,0.8,20,17,18
DF4093,DF4093/RBL,20,16,0.8,20,17,18
DF4094,DF4094/BLK,25,24,0.96,20,18,13
DF4094,DF4094/GRY,25,24,0.96,20,18,13
DF4094,DF4094/NBL,25,24,0.96,20,18,13
DF4094,DF4094/ORG,25,24,0.96,20,18,13
DF4094,DF4094/RBL,25,24,0.96,20,18,13
DF4094,DF4094/RED,25,24,0.96,20,18,13
DF4095,DF4095/GRY,20,26,1.3,0,0,0
DF4095,DF4095/RBL,20,26,1.3,0,0,0
DF4096,DF4096/BLK,15,23,1.54,0,0,0
DF4096,DF4096/GRN,15,23,1.54,0,0,0
DF4097,DF4097/GRY,15,20,1.34,0,0,0
DF4097,DF4097/RBL,15,20,1.34,0,0,0
DF4098,DF4098/BLK,200,20,0.1,16,12,15
DF4098,DF4098/GRN,200,20,0.1,16,12,15
DF4098,DF4098/NBL,200,20,0.1,16,12,15
DF4098,DF4098/PUR,200,20,0.1,16,12,15
DF4098,DF4098/RBL,200,20,0.1,16,12,15
DF4098,DF4098/RED,200,20,0.1,16,12,15
DF4099,DF4099/BLK,200,24,0.12,16,12,15
DF4099,DF4099/GRN,200,24,0.12,16,12,15
DF4099,DF4099/NBL,200,24,0.12,16,12,15
DF4099,DF4099/PUR,200,24,0.12,16,12,15
DF4099,DF4099/RBL,200,24,0.12,16,12,15
DF4099,DF4099/RED,200,24,0.12,16,12,15
DF4100,DF4100/BLK,200,17,0.09,0,0,0
DF4100,DF4100/GRN,200,17,0.09,0,0,0
DF4100,DF4100/NBL,200,17,0.09,0,0,0
DF4100,DF4100/PUR,200,17,0.09,0,0,0
DF4100,DF4100/RBL,200,17,0.09,0,0,0
DF4100,DF4100/RED,200,17,0.09,0,0,0
DF4101,DF4101/BLK,100,21,0.21,18,24,14
DF4101,DF4101/GLD,100,21,0.21,18,24,14
DF4101,DF4101/LIM,100,21,0.21,18,24,14
DF4101,DF4101/NBL,100,21,0.21,18,24,14
DF4101,DF4101/PUR,100,21,0.21,18,24,14
DF4101,DF4101/RBL,100,21,0.21,18,24,14
DF4101,DF4101/RED,100,21,0.21,18,24,14
DF4101,DF4101/TEL,100,21,0.21,18,24,14
DF4102,DF4102/BLK,100,17,0.17,23,24,11
DF4102,DF4102/GLD,100,17,0.17,23,24,11
DF4102,DF4102/LIM,100,17,0.17,23,24,11
DF4102,DF4102/NBL,100,17,0.17,23,24,11
DF4102,DF4102/PUR,100,17,0.17,23,24,11
DF4102,DF4102/RBL,100,17,0.17,23,24,11
DF4102,DF4102/RED,100,17,0.17,23,24,11
DF4102,DF4102/TEL,100,17,0.17,23,24,11
DF4103,DF4103,100,45,0.45,21,14,18
DF4104,DF4104/BLK,30,22,0.74,21,19,16
DF4104,DF4104/RBL,30,22,0.74,21,19,16
DF4104,DF4104/RED,30,22,0.74,21,19,16
DF4105,DF4105/BLK,50,23,0.46,19,14,14
DF4105,DF4105/PUR,50,23,0.46,19,14,14
DF4105,DF4105/RBL,50,23,0.46,19,14,14
DF4105,DF4105/RED,50,23,0.46,19,14,14
DF4106,DF4106/BLK,40,30,0.75,24,21,18
DF4106,DF4106/LIM,40,30,0.75,24,21,18
DF4106,DF4106/RBL,40,30,0.75,24,21,18
DF4106,DF4106/RED,40,30,0.75,24,21,18
DF4107,DF4107/BLK,20,23,1.15,23,19,20
DF4107,DF4107/RBL,20,23,1.15,23,19,20
DF4107,DF4107/RED,20,23,1.15,23,19,20
DF4108,DF4108/BLK,30,24,0.8,22,16,16
DF4108,DF4108/RBL,30,24,0.8,22,16,16
DF4108,DF4108/RED,30,24,0.8,22,16,16
DF4109,DF4109/BLK,20,33,1.65,24,20,23
DF4109,DF4109/LIM,20,33,1.65,24,20,23
DF4109,DF4109/RBL,20,33,1.65,24,20,23
DF4109,DF4109/RED,20,33,1.65,24,20,23
DF4110,DF4110/BLK,20,20,1.05,21,17,14
DF4110,DF4110/BLU,20,21,1.05,21,17,14
DF4110,DF4110/GRY,20,21,1.02,21,17,14
DF4110,DF4110/RED,20,21,1.05,21,17,14
DF4111,DF4111/BLK,50,23,0.46,19,21,18
DF4111,DF4111/BLU,50,23,0.46,19,21,18
DF4111,DF4111/GRN,50,23,0.46,19,21,18
DF4111,DF4111/PNK,50,23,0.46,19,21,18
DF4111,DF4111/YEL,50,23,0.46,19,21,18
DF4111,DF4112/BLK,50,19,0.38,22,13,14
DF4111,DF4112/BLU,50,19,0.38,22,13,14
DF4111,DF4112/GRN,50,19,0.38,22,13,14
DF4111,DF4112/RED,50,19,0.38,22,13,14
DF4111,DF4113/BLK,200,33,0.165,22,14,17
DF4111,DF4113/BLU,200,33,0.165,22,14,17
DF4111,DF4113/GRN,200,33,0.165,22,14,17
DF4111,DF4113/PNK,200,33,0.165,22,14,17
DF4111,DF4113/PUR,200,33,0.165,22,14,17
DF4111,DF4113/RED,200,33,0.165,22,14,17
DF4114,DF4114/BLK,50,23,0.46,27,17,17
DF4114,DF4114/BLU,50,23,0.46,27,17,17
DF4114,DF4114/GRN,50,23,0.46,27,17,17
DF4114,DF4114/PNK,50,23,0.46,27,17,17
DF4114,DF4114/YEL,50,23,0.46,27,17,17
DF4115,DF4115/BLK,50,12,0.24,19,17,12
DF4115,DF4115/BLU,50,12,0.24,19,17,12
DF4115,DF4115/GRN,50,12,0.24,19,17,12
DF4115,DF4115/PNK,50,12,0.24,19,17,12
DF4115,DF4115/YEL,50,12,0.24,19,17,12
DF4116,DF4116/BLK,50,23,0.46,23,14,14
DF4116,DF4116/BLU,50,23,0.46,23,14,14
DF4116,DF4116/RED,50,23,0.46,23,14,14
DF4117,DF4117/BLK,50,25,0,0,0,0
DF4117,DF4117/BLU,50,25,0,0,0,0
DF4117,DF4117/GRN,50,25,0,0,0,0
DF4117,DF4117/RED,50,25,0,0,0,0
DF4117,DF4118/NVY,20,24,0,0,0,0
DF4117,DF4119/NVY,25,25,0,0,0,0
DF4117,DF4119/RED,25,25,0,0,0,0
DF4120,DF4120/BLU,100,30,0.3,17,16,17
DF4120,DF4120/GRY,100,30,0.3,17,16,17
DF4120,DF4121/BLK,25,20,0.8,19,12,14
DF4120,DF4121/GRY,25,20,0.8,19,12,14
DF4120,DF4121/RBL,25,20,0.8,19,12,14
DF4122,DF4122/BLK,200,38,0.19,20,14,16
DF4122,DF4122/NVY,200,38,0.19,20,14,16
DF4122,DF4122/ORG,200,38,0.19,20,14,16
DF4122,DF4122/PUR,200,38,0.19,20,14,16
DF4122,DF4122/RBL,200,38,0.19,20,14,16
DF4122,DF4122/RED,200,38,0.19,20,14,16
DF4122,DF4122/YEL,200,38,0.19,20,14,16
DF4123,DF4123,100,13,0.13,17,12,17
DF4123,DF4123/BLU,100,13,0.13,17,12,17
DF4123,DF4123/GRN,100,13,0.13,17,12,17
DF4123,DF4123/NAT,100,13,0.13,17,12,17
DF4123,DF4124/GRN,100,21,0.21,19,8,16
DF4123,DF4125/RED,100,23,0.23,15,19,16
DF4123,DF4128/GRN,200,26,0.13,20,12,16
DF4123,DF4129/ORG,200,27,0.14,19,13,16
DF4131,DF4131,50,26,0.52,20,12,16
DF4131,DF4132/NVY,50,25,0.5,20,13,16
DF4131,DF4132/RED,50,25,0.5,20,13,16
DF4131,DF4134/BLU,25,15,0.6,19,12,15
DF4131,DF4135/BLU,50,21,0.42,18,12,17
DF4131,DF4136/SLV,25,17,0.68,16,12,13
DF4131,DF4137/SLV,25,17,0.68,17,13,13
DF4131,DF4138/RED,10,11,1.1,21,13,17
DF4131,DF4138/SLV,10,11,1.1,21,13,17
DF4131,DF4139/BLU,15,15,1,20,15,17
DF4140,DF4140,50,16,0.32,17,16,16
DF4140,DF4140/BLU,50,16,0.32,17,16,16
DF4140,DF4140/PNK,50,16,0.32,17,16,16
DF4140,DF4140/RED,50,16,0.32,17,16,16
DF4140,DF4141/BLU,50,26,0.52,20,12,16
DF4140,DF4141/RED,50,26,0.52,20,12,16
DF4140,DF4142/BLU,25,24,0.96,19,13,15
DF4140,DF4142/RED,25,24,0.96,19,13,15
DF4143,DF4143,100,20,0.2,19,15,12
DF4144,DF4144/BLU,100,20,0.2,0,0,0
DF4144,DF4144/GRY,100,20,0.2,0,0,0
DF4144,DF4144/RED,100,20,0.2,0,0,0
DF4144,DF4144/ZEB,100,20,0.2,0,0,0
DF4145,DF4145/BLU,50,16,0.32,0,0,0
DF4145,DF4145/GRY,50,16,0.32,0,0,0
DF4145,DF4145/RED,50,16,0.32,0,0,0
DF4145,DF4145/ZEB,50,16,0.32,0,0,0
DF4146,DF4146/BLU,25,21,0.84,0,0,0
DF4146,DF4146/GRY,25,21,0.84,0,0,0
DF4146,DF4146/RED,25,21,0.84,0,0,0
DF4146,DF4146/ZEB,25,21,0.84,0,0,0
DF4147,DF4147/BLU,50,25,0.5,0,0,0
DF4147,DF4147/GRY,50,25,0.5,0,0,0
DF4147,DF4147/RED,50,25,0.5,0,0,0
DF4147,DF4147/ZEB,50,25,0.5,0,0,0
DRAWSTRING POUCH,DRAWSTRING POUCH,100,4,0.04,16,12,10
Dual Time,DUAL,100,14,0.14,0,0,0
Dual Time,DUAL/T,100,13,0.13,0,0,0
Elegant,ELEGA0L,100,4,0.04,0,0,0
Elegant,ELEGA0M,100,5,0.05,0,0,0
Elite,ELITE0L,100,4,0.04,0,0,0
Elite,ELITE0L/S,100,4,0.04,0,0,0
Elite,ELITE0M,100,7,0.07,0,0,0
Elite,ELITE0M/S,100,7,0.07,0,0,0
FA5001,FA5001,48,32,0.67,16,14,12
FA5002,FA5002,48,29,0.61,16,14,13
FA5003,FA5003,24,22,0.95,13,9,17
FA5004,FA5004,24,22,0.92,13,17,9
FA5005,FA5005,48,32,0.67,18,13,13
FA5006,FA5006,36,30,0.833,20,15,10
FA5007,FA5007,36,38,1.06,20,16,22
FA5008,FA5008,24,35,1.46,24,20,16
FA5009,FA5009,20,25,1.25,19,13,13
FA5009,FA5010,1,0,0,0,0,0
FA5011,FA5011,24,24,1.09,11,18,16
FA5012,FA5012,24,29,1.208,24,20,15
FA5013,FA5013,36,27,0.75,11,13,26
FA5014,FA5014,24,24,1,22,16,16
FA5015,FA5015,48,32,0.77,19,12,18
FA5016,FA5016,36,31,0.87,9,16,26
FA5017,FA5017,24,27,1.04,10,18,17
FA5018,FA5018,12,29,2.42,17,13,15
FA5019,FA5019,12,29,2.42,22,18,18
FA5020,FA5020,30,20,0.67,18,12,12
FA5021,FA5021,60,32,0.54,23,11,11
FA5022,FA5022,18,36,2,14,12,19
FA5023,FA5023,36,30,0.84,24,20,15
FA5024,FA5024,60,24,0.4,29,15,15
FA5025,FA5025,48,28,0.59,22,14,14
FA5026,FA5026,18,36,2,28,11,11
FA5027,FA5027,40,25,0.63,24,20,14
FA5027,FA5028,40,25,0.63,24,20,14
FA5029,FA5029,36,36,1,30,10,15
FA5029,FA5030,250,36,0.15,0,0,0
FA50310GLD,FA5031/GLD,200,38,0.19,0,0,0
FA50310SLV,FA5031/SLV,200,38,0.19,0,0,0
FA5032,FA5032,200,34,0.17,0,0,0
FA50330GLD,FA5033/GLD,1,0,0,0,0,0
FA50330SLV,FA5033/SLV,200,32,0.16,0,0,0
FA5034,FA5034,1,0,0,0,0,0
FA5035,FA5035,1,0,0,0,0,0
FA5036,FA5036,1,0,0,0,0,0
FA50370GLD,FA5037/GLD,1,0,0,0,0,0
FA50370SLV,FA5037/SLV,1,0,0,0,0,0
FA5038,FA5038,1,0,0,0,0,0
FA5039,FA5039,200,35,0.18,17,10,15
FA5040,FA5040/BLK,1,0,0,0,0,0
FA5040,FA5040/WHT,1,0,0,0,0,0
FA5041,FA5041,1,0,0,0,0,0
FA5042,FA5042,1,0,0,0,0,0
FA5043,FA5043,1,0,0,0,0,0
FA5044,FA5044,24,36,1.5,19,16,11
FA5045,FA5045,24,36,1.5,19,16,11
FA5046,FA5046,24,36,1.5,19,16,11
FA5047,FA5047,24,36,1.5,19,16,11
FA5048,FA5048,48,52,1.1,16,10,11
FA5049,FA5049,48,40,0.85,16,10,11
FA5050,FA5050,1,0,1.1,0,0,0
FA5051,FA5051,100,27,0.27,0,0,0
FA5052,FA5052,100,27,0.27,0,0,0
FA5053,FA5053,100,27,0.27,13,19,20
FA5054,FA5054,100,27,0.27,0,0,0
FA5055,FA5055,100,27,0.27,0,0,0
FA5056,FA5056,100,24,0.24,18,8,12
FA5057,FA5057,30,46,1.54,17,20,22
FA5058,FA5058,24,28,1.17,18,12,12
FA5059,FA5059,24,25,1.04,16,14,11
FA5060,FA5060,36,27,0.75,16,11,12
FA5061,FA5061,18,29,1.65,22,9,14
FA5062,FA5062,18,24,1.35,18,9,14
FA5063,FA5063,48,32,0.67,15,14,12
FA5064,FA5064/BLK,24,23,0.96,17,10,12
FA5064,FA5064/WHT,24,23,0.96,17,10,12
FA5065,FA5065/BLK,24,30,1.25,18,12,12
FA5065,FA5065/WHT,24,30,1.25,18,12,12
FA5066,FA5066/BLK,12,28,2.34,14,13,12
FA5066,FA5066/WHT,12,28,2.34,14,13,12
FA5066,FA5067,24,36,1.5,19,12,14
FA5066,FA59030,36,34,0.95,0,0,0
FA5066,FA64521,1,0,0,0,0,0
FA5066,FC158,30,20,0.7,0,0,0
FA5066,FC0896S,50,29,0.58,0,0,0
FA5066,FD6001/BLK,500,25,0.05,0,0,0
FA5066,FD6001/BLU,500,25,0.05,0,0,0
FA5066,FD6001/GRN,500,25,0.05,0,0,0
FA5066,FD6001/RED,500,25,0.05,0,0,0
FA5066,FD6001/SLV,500,25,0.05,0,0,0
FD6002,FD6002/BLK,500,30,0.06,0,0,0
FD6002,FD6002/BLU,500,30,0.06,0,0,0
FD6002,FD6002/GRN,500,30,0.06,0,0,0
FD6002,FD6002/RED,500,30,0.06,0,0,0
FD6002,FD6002/SLV,500,30,0.06,0,0,0
FD6002,FD6003/BLK,500,32,0.07,0,0,0
FD6002,FD6003/BLU,500,32,0.07,0,0,0
FD6002,FD6003/RED,500,32,0.07,0,0,0
FD6004,FD6004/BASEBALL,500,37,0.074,0,0,0
FD6004/Basketball,FD6004/BASKETBALL,500,37,0.074,0,0,0
FD6004,FD6004/BOWLING,500,37,0.074,0,0,0
FD6004,FD6004/FISHING,500,37,0.074,0,0,0
FD6004,FD6004/FOOTBALL,500,37,0.074,0,0,0
FD6004,FD6004/GOLF,500,37,0.074,0,0,0
FD6004,FD6004/SOCCER,500,37,0.074,0,0,0
FD6004,FD6004/WRENCH,500,37,0.074,0,0,0
FD6005,FD6005/BLK,500,29,0.058,0,0,0
FD6005,FD6005/BLU,500,29,0.058,0,0,0
FD6005,FD6005/GUN,500,29,0.058,0,0,0
FD6005,FD6005/STEEL,500,29,0.058,0,0,0
FD6006,FD6006,500,29,0.058,0,0,0
FD6007,FD6007,500,28,0.056,0,0,0
FD6008/M,FD6008/M,36,34,1,0,0,0
FD60080M,FD6008/R,34,36,1,17,18,11
FD6009/M,FD6009/M,65,30,0.47,14,12,13
FD60090M,FD6009/R,65,30,0.47,14,12,13
FD6010,FD6010,25,16,0.64,0,0,0
FD6011,FD6011,240,31,0.13,0,0,0
FD6012,FD6012,100,28,0.28,0,0,0
FD6013,FD6013,240,31,0.13,0,0,0
FD6014,FD6014,240,41,0.17,0,0,0
FD6015,FD6015,240,32,0.14,0,0,0
FD6016,FD6016,240,40,0.17,0,0,0
FD6017,FD6017,500,23,0.05,19,5,12
FD6018,FD6018,1000,37,0.04,0,0,0
FD6019,FD6019,500,20,0.04,12,6,12
FD6020,FD6020,500,26,0.06,18,12,8
FD6021,FD6021,400,45,0.113,24,11,18
FD6029,FD6029,1000,51,0.05,0,0,0
FD6030,FD6030/BLK,1000,18,0.018,0,0,0
FD6030,FD6030/BLU,1000,18,0.018,0,0,0
FD6030,FD6030/RED,1000,18,0.018,0,0,0
FD6030,FD6030/SLV,1000,18,0.018,0,0,0
FD6031,FD6031/BLK,1000,27,0.027,0,0,0
FD6031,FD6031/BLU,1000,27,0.027,0,0,0
FD6031,FD6031/PUR,1000,27,0.027,0,0,0
FD6031,FD6031/RED,1000,27,0.027,0,0,0
FD6031,FD6031/SLV,1000,27,0.027,0,0,0
FD6032,FD6032/BLK,1000,35,0.035,0,0,0
FD6032,FD6032/BLU,1000,35,0.035,0,0,0
FD6032,FD6032/GUN,1000,35,0.035,0,0,0
FD6032,FD6032/RED,1000,35,0.035,0,0,0
FD6032,FD6032/SLV,1000,35,0.035,0,0,0
FD6033,FD6033/BLK,1000,36,0.036,0,0,0
FD6033,FD6033/BLU,1000,36,0.036,0,0,0
FD6033,FD6033/GUN,1000,36,0.036,0,0,0
FD6033,FD6033/RED,1000,36,0.036,0,0,0
FD6033,FD6033/SLV,1000,36,0.036,0,0,0
FD6033,GIFT_BOX1,0,0,0,0,0,0
FD6033,GIFT_BOX2,0,0,0,0,0,0
FD6033,GIFT_BOX3,100,15,0.15,15,16,10
FD6033,GIFT_BOX4,100,30,0.3,12,16,17
GL3001,GL3001/BLK,6,41,7,36,10,12
GL3001,GL3001/BLU,6,41,7,36,10,12
GL3001,GL3001/GRN,6,41,7,36,10,12
GL3001,GL3001/RED,6,41,7,36,10,12
GL3002,GL3002/BLK,6,34,5.7,29,10,12
GL3002,GL3002/BLU,6,34,5.7,29,10,12
GL3002,GL3002/GRN,6,34,5.7,29,10,12
GL3002,GL3002/RED,6,34,5,29,10,12
GL3003,GL3003,20,35,1.75,0,0,0
GL3004,GL3004/BLK,20,35,1.75,22,17,18
GL3004,GL3004/BLU,20,35,1.75,22,17,18
GL3004,GL3004/GRN,20,35,1.75,22,17,18
GL3005,GL3005,4,33,8.25,36,10,10
GL3006,GL3006/BLK,50,18,0.4,20,12,12
GL3006,GL3006/BLU,50,18,0.4,20,12,12
GL3006,GL3006/RED,50,18,0.4,20,12,12
GL3006,GL3007/BLU,6,38,6.5,0,0,0
GL3006,GL3007/GRY,6,38,6.5,0,0,0
GL3008,GL3008/BLK,6,26,4.7,20,9,19
GL3008,GL3008/BLU,6,26,4.7,20,9,19
GL3008,GL3008/NBL,6,26,4.7,20,9,19
GL3009,GL3009/BLK,6,11,1.85,18,13,17
GL3009,GL3009/BLU,6,11,1.85,18,13,17
GL3010,GL3010,54,49,0.91,15,11,15
GL3011,GL3011,1,0,1,0,0,0
GL3012,GL3012,48,36,0.75,0,0,0
GL3013,GL3013,1,0,1,0,0,0
GL3014,GL3014,92,43,0.47,14,12,14
GL3015,GL3015,1,0,0,0,0,0
GL3016,GL3016,1,0,0,0,0,0
GL3017,GL3017,27,40,1.48,11,8,11
GL3018,GL3018,30,20,0.55,0,0,0
GL3019,GL3019,16,27,1.69,21,7,15
GL3020,GL3020,1,0,0,0,0,0
GL3021,GL3021,1,0,0,0,0,0
GL3025,GL3025,1,0,0,0,0,0
GL3026,GL3026,1,0,0,0,0,0
GL3027,GL3027,1,0,0,0,0,0
GL3028,GL3028,1,0,0,0,0,0
GL3029,GL3029,1,0,0,0,0,0
GL3030,GL3030,12,20,1.67,21,8,16
GL3031,GL3031,8,22,2.75,21,9,15
GL3032,GL3032,6,20,3.3,21,9,15
GL3033,GL3033,10,23,2.3,0,0,0
GL3034,GL3034,1,0,0,0,0,0
GL3035,GL3035,3,20,6.7,0,0,0
GL3036,GL3036,10,37,3.7,0,0,0
GL3037,GL3037,10,37,3.5,0,0,0
GL3038,GL3038,1,0,0,0,0,0
GL3039,GL3039,1,0,0,0,0,0
GL3040,GL3040,1,0,0,0,0,0
GL3041,GL3041,4,18,4.5,2,7,15
GL3042,GL3042,1,0,0,0,0,0
GL3043,GL3043,8,30,3.75,20,8,14
GL3044,GL3044,1,6.3,0,0,0,0
GL3045,GL3045,1,0,0,0,0,0
GL3046,GL3046,4,20,5,24,12,16
GL3047,GL3047,1,0,0,0,0,0
GL3048,GL3048,8,29,3.7,19,9,17
GL3049,GL3049,1,0,0,0,0,0
GL3050,GL3050,1,0,0,0,0,0
GL3051,GL3051,1,0,0,0,0,0
GL3052,GL3052,1,0,0,0,0,0
GL3053,GL3053,1,0,0,0,0,0
GL3054,GL3054,1,0,0,0,0,0
GL3055,GL3055,19,42,2.2,21,8,15
GL3056,GL3056,1,0,0,0,0,0
GL3057,GL3057,1,0,0,0,0,0
GL3058,GL3058,1,0,0,0,0,0
GL3059,GL3059,1,0,0,0,0,0
GL3060,GL3060,1,0,0,0,0,0
GL3061,GL3061,30,27,0.9,0,0,0
GL3062,GL3062,35,39,1.15,14,10,14
GL3063,GL3063,1,0,2.4,0,0,0
GL3064,GL3064,1,0,4,0,0,0
GL3065,GL3065,1,0,6,0,0,0
GL3066,GL3066,1,0,0,0,0,0
GL3067,GL3067,1,0,0,0,0,0
GL3068,GL3068,1,0,0,0,0,0
GL3069,GL3069,8,23,2.4,0,0,0
GL3070,GL3070,12,37,3.1,0,0,0
GL3071,GL3071,12,44,3.7,0,0,0
GL3072,GL3072,1,0,9,0,0,0
GL3073,GL3073,1,0,4.6,0,0,0
GL3074,GL3074,12,42,3.1,0,0,0
GL3075,GL3075,6,24,4,0,0,0
GL3076,GL3076,4,20,5,0,0,0
GL3077,GL3077,1,0,0,0,0,0
GL3078,GL3078,1,0,0,0,0,0
GL3079,GL3079,1,0,0,0,0,0
GL3080,GL3080,1,0,0,0,0,0
GL3081,GL3081,1,0,0,0,0,0
GL3082,GL3082,1,0,6,0,0,0
GL3083,GL3083,1,0,0,0,0,0
GL3084,GL3084,1,0,1.3,0,0,0
GL3085,GL3086,1,0,5.2,0,0,0
GL3087,GL3087/BLK,4,35,8.75,37,10,11
GL3087,GL3087/BLU,4,35,8.75,37,10,11
GL3087,GL3087/RED,4,35,8.75,37,10,11
GL3088,GL3088/BLK,200,35,0.18,14,14,9
GL3088,GL3088/BLU,200,35,0.18,14,14,9
GL3088,GL3088/RED,200,35,0.18,14,14,9
GL3088,GL3088/SLV,200,35,0.18,14,14,9
GL3089,GL3089/BLK,125,31,0.25,0,0,0
GL3089,GL3089/BLU,125,31,0.25,0,0,0
GL3089,GL3089/RED,125,31,0.25,0,0,0
GL3089,GL3089/SLV,125,31,0.25,0,0,0
GL3090,GL3090,4,32,8,31,13,11
GL3091,GL3091,40,40,1,0,0,0
GL3092,GL3092,72,36,0.5,0,0,0
GL3092,GL3093/BLK,250,20,0.08,0,0,0
GL3092,GL3093/BLU,250,20,0.08,0,0,0
GL3092,GL3093/RED,250,20,0.08,0,0,0
GL3092,GL3093/WHT,250,20,0.08,0,0,0
GL3092,GLOW/L0G,1,0,0,0,0,0
GL3092,GLOW/L0T,1,0,0,0,0,0
GL3092,GLOW0G,1,0,0,0,0,0
GL3092,GLOW0T,1,0,0,0,0,0
GS4012,GS4012/G,100,28,0.28,19,11,19
GS4012,GS4012/S,100,28,0.28,19,11,19
GS4013,GS4013,40,33,0.85,0,0,0
GS4014,GS4014,40,33,0.85,0,0,0
GS4015,GS4015,40,16,0.4,15,17,12
GS4016,GS4016,40,17,0.43,17,17,10
GS4017,GS4017,40,16,0.4,0,0,0
GS4017,H0B,100,36,0.075,0,0,0
GS4017,IN5001,100,18,0.18,0,0,0
KC4003,KC4003,120,29,0.25,0,0,0
KC4004,KC4004G,250,27,0.11,0,0,0
KC4004,KC4004S,250,27,0.11,0,0,0
KC4005,KC4005G,250,27,0.11,0,0,0
KC4005,KC4005S,250,27,0.11,0,0,0
KC4006,KC4006,250,28,0.12,0,0,0
KC4007,KC4007,250,28,0.12,0,0,0
KC4008,KC4008,250,28,0.12,0,0,0
KC4009,KC4009,500,36,0.075,0,0,0
KC4010,KC4010,500,36,0.075,0,0,0
KC4011,KC4011,500,36,0.075,0,0,0
KC4011,KC4012,250,35,0.14,0,0,0
KC4011,KC4012/G,1,0,0,0,0,0
KC4011,KC4012/S,1,0,0,0,0,0
KC4011,KC63044,100,15,0.15,0,0,0
KM2001,KM2001,8,28,3.5,18,20,11
KM2002,KM2002,12,46,3.83,21,18,15
KM2003,KM2003,6,29,4.83,18.5,14.25,10
KM2004,KM2004/BLK,100,34,0.34,0,0,0
KM2004,KM2004/BLU,100,34,0.34,0,0,0
KM2004,KM2004/RED,100,34,0.34,0,0,0
KM2005,KM2005/BLK,100,18,0.18,0,0,0
KM2005,KM2005/SLV,100,18,0.18,0,0,0
KM2006,KM2006,24,22,0.91,0,0,0
KM2007,KM2007/BLK,100,18,0.18,20,10,10
KM2007,KM2007/BLU,100,18,0.18,20,10,10
KM2007,KM2007/RED,100,18,0.18,20,10,10
KM2008,KM2008,100,22,0.22,0,0,0
KM2009,KM2009,50,38,0.76,0,0,0
KM2010,KM2010,6,36,6,20,11,14
KM2011,KM2011,24,32,1.34,15,23,13
KM2012,KM2012/BLU,240,40,0.17,0,0,0
KM2012,KM2012/GRY,240,40,0.17,0,0,0
KM2014,KM2014,100,27,0.27,20,10,10
KM2015,KM2015/BLK,200,18,0.1,13,16,11
KM2015,KM2015/WHT,200,18,0.1,13,16,11
KM2016,KM2016,100,23,0.23,0,0,0
KM2017,KM2017/BLK,500,18,0.04,0,0,0
KM2017,KM2017/BLU,500,18,0.04,0,0,0
KM2017,KM2017/WHT,500,18,0.04,0,0,0
KM2018,KM2018/BLU,200,30,0.15,0,0,0
KM2018,KM2018/RED,200,30,0.15,0,0,0
KM2018,KM2018/YEL,200,30,0.15,0,0,0
KM2019,KM2019/BLK,300,31,0.11,22,14,14
KM2019,KM2019/BLU,300,31,0.11,22,14,14
KM2019,KM2019/RED,300,31,0.11,22,14,14
KM2019,KM2019/YEL,300,31,0.11,22,14,14
KM2020,KM2020/BLK,300,31,0.11,22,15,15
KM2020,KM2020/BLU,300,31,0.11,22,15,15
KM2020,KM2020/RED,300,31,0.11,22,15,15
KM2020,KM2020/YEL,300,31,0.11,22,15,15
KM2021,KM2021,8,28,3.5,21,15.5,11.5
KM2022,KM2022,144,23,0.16,0,0,0
KM2023,KM2023/BLK,250,26,0.11,0,0,0
KM2023,KM2023/BLU,250,26,0.11,0,0,0
KM2024,KM2024,50,27,0.54,20,14,15
KM2025,KM2025,80,31,0.39,0,0,0
KM2026,KM2026,200,25,0.13,15,10,11
KM2027,KM2027,200,29,0.145,0,0,0
KM2028,KM2028,50,27,0.54,25,11,20
KM2029,KM2029,100,17,0.17,0,0,0
KM2030,KM2030,200,32,0.16,0,0,0
KM2031,KM2031,300,31,0.11,22,14,14
KM2032,KM2032,300,31,0.11,22,14,14
KM2033,KM2033/BLU,100,38,0.38,13,11,23
KM2033,KM2033/WHT,100,38,0.38,13,11,23
KM2034,KM2034,60,43,0.72,0,0,0
KM2035,KM2035,200,24,0.12,0,0,0
KM2036,KM2036/BLK,100,44,0.44,0,0,0
KM2036,KM2036/BLU,100,44,0.44,0,0,0
KM2036,KM2036/ORG,100,44,0.44,0,0,0
KM2037,KM2037/BLK,500,28,0.06,0,0,0
KM2037,KM2037/WHT,500,28,0.06,0,0,0
KM2038,KM2038/BLK,400,40,0.1,8,15,18
KM2038,KM2038/WHT,400,40,0.1,8,15,18
KM2039,KM2039/BLK,500,33,0.07,0,0,0
KM2039,KM2039/WHT,500,33,0.07,0,0,0
KM2040,KM2040,20,16,0.8,12,13,11
KM2041,KM2041,100,23,0.23,0,0,0
KM2042,KM2042,100,14,0.14,0,0,0
KM2043,KM2043,200,26,0.13,0,0,0
KM2044,KM2044,200,26,0.13,0,0,0
KM2045,KM2045/BLK,200,23,0.12,0,0,0
KM2045,KM2045/BLU,200,23,0.12,0,0,0
KM2045,KM2045/RED,200,23,0.12,0,0,0
KM2046,KM2046/BLK,500,26,0.06,0,0,0
KM2046,KM2046/GLD,500,26,0.06,0,0,0
KM2046,KM2046/SLV,500,26,0.06,0,0,0
KM2047,KM2047/BLU,400,26,0.7,0,0,0
KM2047,KM2047/RED,400,26,0.7,0,0,0
KM2048,KM2048/BLK,120,29,0.24,0,0,0
KM2048,KM2048/SLV,120,29,0.24,0,0,0
KM2049,KM2049,8,28,3.5,22,11,11
KM2050,KM2050,10,31,3.1,0,0,0
KM2050,KM2051,6,26,4.34,0,0,0
KM2052,KM2052,160,49,0.31,0,0,0
KM2053,KM2053/BLU,200,32,0.16,0,0,0
KM2053,KM2053/RED,200,32,0.16,0,0,0
KM2054,KM2054,200,42,0.21,0,0,0
KM2055,KM2055,240,40,0.17,0,0,0
KM2056,KM2056/BLU,100,38,0.38,0,0,0
KM2056,KM2056/CLR,100,38,0.38,0,0,0
KM2057,KM2057/BLU,6,32,5.34,17,14,14
KM2057,KM2057/GRY,6,32,5.34,17,14,14
KM2058,KM2058/BLK,50,19,0.38,23,7,12
KM2058,KM2058/GRY,50,19,0.38,23,7,12
KM2059,KM2059,100,50,0.5,16,11,12
KM2060,KM2060,80,52,0.65,13,16,12
KM2061,KM2061/BLK,200,31,0.16,0,0,0
KM2061,KM2061/NVY,200,31,0.16,0,0,0
KM2062,KM2062/BLK,200,26,0.13,0,0,0
KM2062,KM2062/NVY,200,26,0.13,0,0,0
KM2062,KM2062/RBL,200,26,0.13,0,0,0
KM2062,KM2062/RED,200,26,0.13,0,0,0
KM2063,KM2063/GRN,100,28,0.28,15,16,16
KM2063,KM2063/LIM,100,28,0.28,15,16,16
KM2063,KM2063/NVY,100,28,0.28,15,16,16
KM2063,KM2063/RBL,100,28,0.28,15,16,16
KM2063,KM2063/RED,100,28,0.28,15,16,16
KM2064,KM2064/BLK,250,18,0.072,16,18,16
KM2064,KM2064/FGN,250,18,0.072,16,18,16
KM2064,KM2064/GRN,250,18,0.072,16,18,16
KM2064,KM2064/RBL,250,18,0.072,16,18,16
KM2064,KM2064/RED,250,18,0.072,16,18,16
KM2065,KM2065/BLK,200,27,0.135,22,17,19
KM2065,KM2065/FGN,200,27,0.135,22,17,19
KM2065,KM2065/GRN,200,27,0.135,22,17,19
KM2065,KM2065/RBL,200,27,0.135,22,17,19
KM2065,KM2065/RED,200,27,0.135,22,17,19
KM2066,KM2066,288,30,0.11,17,15,14
KM2067,KM2067,24,22,0.92,17,15,11
KM2068,KM2068/BLU,24,33,1.38,21,17,12
KM2068,KM2068/RED,24,33,1.38,21,17,12
KM2069,KM2069/BLU,24,15,0.63,19,11,13
KM2069,KM2069/RED,24,15,0.63,19,11,13
KM2069,KM2069/SLV,24,15,0.63,19,11,13
KM2070,KM2070,30,25,0.84,13,14,22
KM2071,KM2071,12,29,2.42,21,18,13
KM2072,KM2072,12,17,1.42,16,21,11
KM2073,KM2073,12,18,1.5,16,22,11
KM2074,KM2074,200,21,0.11,0,0,0
KM2075,KM2075/BLK,500,33,0.07,0,0,0
KM2075,KM2075/WHT,500,33,0.07,0,0,0
KM2076,KM2076,500,33,0.07,0,0,0
KM2077,KM2077/BLK,200,22,0.22,0,0,0
KM2077,KM2077/WHT,200,22,0.22,0,0,0
KT25,KT25,1,0,0,0,0,0
KT41,KT41,1,0,0,0,0,0
KT44,KT44,1,0,0,0,0,0
KT61,KT61,1,0,0,0,0,0
LASER ENGRAVE,LASER ENGRAVE,0,0,0,0,0,0
LITE,LITE,0,0,0,0,0,0
LONG0PAPER,LONG0PAPER,0,0,0,0,0,0
M0BS,M0BS,500,36,0.075,0,0,0
MD996,MD996L,1,0,0,0,0,0
MD996,MD996M,1,0,0,0,0,0
MH1007,MH1007,20,40,2,0,0,0
MISC,MISC,0,0,0,0,0,0
MISCE,MISCE,0,0,0,0,0,0
NR1001,NR1001,50,31,0.62,0,0,0
NR1001,NR1002/BLU,200,32,0.16,0,0,0
NR1002,NR1002/RED,200,32,0.16,0,0,0
NR1003,NR1003,30,28,0.94,0,0,0
NR1004,NR1004/BLU,48,31,0.65,0,0,0
NR1004,NR1004/GRY,48,31,0.65,0,0,0
NR1004,NR1004/RED,48,31,0.65,0,0,0
NR1005,NR1005,36,28,0.78,0,0,0
NR1006,NR1006/BLU,24,15,0.71,12,15,20
NR1006,NR1006/RED,24,15,0.7,12,15,20
NR1007,NR1007/BLU,24,17,0.71,12,17,15
NR1007,NR1007/RED,24,17,0.71,12,17,15
NR1008,NR1008/BLU,24,17,0.71,20,12,17
NR1008,NR1008/RED,24,17,0.71,20,12,17
NR1009,NR1009,20,21,1.05,0,0,0
NR1010,NR1010,20,36,1.8,0,0,0
NR1011,NR1011,12,26,2.17,12,16,20
NR1012,NR1012,24,16,0.7,13,13,15
NR1013,NR1013,24,16,0.7,15,14,15
NR1014,NR1014,20,26,0.6,15,22,15
NR1015,NR1015/BLK,200,14,0.07,0,0,0
NR1015,NR1015/BLU,200,14,0.07,0,0,0
NR1015,NR1015/RED,200,14,0.07,0,0,0
NR1015,NR1015/SLV,200,14,0.07,0,0,0
NR1016,NR1016,72,33,0.46,0,0,0
NR1017,NR1017,100,26,0.26,0,0,0
NR1018,NR1018/BLU,24,19,0.8,15,21,18
NR1018,NR1018/RED,24,19,0.8,15,21,18
NR1019,NR1019,500,27,0.054,0,0,0
NR1020,NR1020/BLU,200,35,0.175,0,0,0
NR1020,NR1020/GRN,200,35,0.175,0,0,0
NR1020,NR1020/ORG,200,35,0.175,0,0,0
NR1020,NR1020/RED,200,35,0.175,0,0,0
NR1021,NR1021/BLK,100,26,0.26,0,0,0
NR1021,NR1021/BLU,100,26,0.26,0,0,0
NR1021,NR1021/RED,100,26,0.26,0,0,0
NR1022,NR1022/BLK,1200,57,0.0475,0,0,0
NR1022,NR1022/WHT,1200,57,0.0475,0,0,0
NR1023,NR1023,480,72,0.15,0,0,0
NR1024,NR1024,120,56,0.47,0,0,0
NR1025,NR1025,96,56,0.59,0,0,0
NR1026,NR1026,120,56,0.47,0,0,0
NR1027,NR1027/BLK,250,38,0.16,0,0,0
NR1027,NR1027/BLU,250,38,0.16,0,0,0
NR1027,NR1027/GRN,250,38,0.16,0,0,0
NR1027,NR1027/RED,250,38,0.16,0,0,0
NR1027,NR1027/YEL,250,38,0.16,0,0,0
NR1028,NR1028,200,21,0.11,0,0,0
NR1029,NR1029,200,17,0.09,0,0,0
NR1030,NR1030,100,44,0.44,0,0,0
NR1031,NR1031/GLD,150,33,0.22,0,0,0
NR1031,NR1031/SLV,150,33,0.22,0,0,0
NR1032,NR1032,60,44,0.74,17,17,16
NR1033,NR1033/BLU,250,26,0.11,0,0,0
NR1033,NR1033/GRN,250,26,0.11,0,0,0
NR1033,NR1033/ORG,250,26,0.11,0,0,0
NR1033,NR1033/PUR,250,26,0.11,0,0,0
NR1033,NR1033/RED,250,26,0.11,0,0,0
NR1034,NR1034,36,48,1.34,0,0,0
NR1035,NR1035,36,39,1.09,0,0,0
NR1036,NR1036,40,28,0.56,9,16,15
NR1037,NR1037/BGD,120,69,0.58,0,0,0
NR1037,NR1037/BLK,120,69,0.58,0,0,0
NR1037,NR1037/BLU,120,69,0.58,0,0,0
NR1038,NR1038,20,32,1.6,0,0,0
NR1039,NR1039,96,56,0.59,0,0,0
NR1040,NR1040,288,69,0.1,0,0,0
NR1040,NR1041,50,47,0.94,0,0,0
NR1042,NR1042/BLU,200,33,0.17,0,0,0
NR1042,NR1042/GRN,200,33,0.17,0,0,0
NR1042,NR1042/PUR,200,33,0.17,0,0,0
NR1042,NR1042/RED,200,33,0.17,0,0,0
NR1043,NR1043/BLK,60,24,0.4,0,0,0
NR1043,NR1043/YEL,60,24,0.4,0,0,0
NR1044,NR1044,50,28,0.56,0,0,0
NR1045,NR1045,250,35,0.14,0,0,0
NR1046,NR1046,50,24,0.48,0,0,0
NR1047,NR1047,500,35,0.07,0,0,0
NR1048,NR1048,200,18,0.09,0,0,0
NR1049,NR1049/BLK_GLD,500,24,0.05,0,0,0
NR1049,NR1049/GLD_BLK,500,24,0.05,0,0,0
NR1049,NR1049/SLV_BLK,500,24,0.05,0,0,0
NR1049,NR1049/SLV_BLU,500,24,0.05,0,0,0
NR1050,NR1050,60,31,0.52,0,0,0
NR1051,NR1051,100,24,0.24,0,0,0
NR1052,NR1052/BLK,200,54,0.27,0,0,0
NR1052,NR1052/SLV,200,54,0.27,0,0,0
NR1053,NR1053,250,26,0.11,0,0,0
NR1054,NR1054,100,20,0.2,0,0,0
NR1055,NR1055,250,29,0.12,0,0,0
NR1056,NR1056,20,30,1.5,0,0,0
NR1057,NR1057/BLK,200,27,0.135,11,17,17
NR1057,NR1057/BLU,200,27,0.135,11,17,17
NR1057,NR1057/LIM,200,27,0.135,11,17,17
NR1057,NR1057/ORG,200,27,0.135,11,17,17
NR1057,NR1057/RED,200,27,0.135,11,17,17
NR1057,NR1057/SLV,200,27,0.135,11,17,17
NR1057,NR1057/TEL,200,27,0.135,11,17,17
NR1058,NR1058/BLK,200,30,0.15,0,0,0
NR1058,NR1058/BLU,200,30,0.15,0,0,0
NR1058,NR1058/GRN,200,30,0.15,0,0,0
NR1058,NR1058/ORG,200,30,0.15,0,0,0
NR1058,NR1058/RED,200,30,0.15,0,0,0
NR1058,NR1058/SLV,200,30,0.15,0,0,0
NR1059,NR1059,250,35,0.14,0,0,0
NR1060,NR1060,100,19,0.19,0,0,0
NR1061,NR1061,200,39,0.2,0,0,0
NR1062,NR1062,50,25,0.5,0,0,0
NR1063,NR1063,150,31,0.21,0,0,0
NR1063,NR1063/BLK,150,31,0.21,11,13,22
NR1063,NR1063/SLV,150,31,0.21,11,13,22
NR1064,NR1064,40,53,1.33,0,0,0
NR1065,NR1065,36,28,0.79,0,0,0
NR1066,NR1066,100,27,0.27,0,0,0
NR981,NR981/WHT,1200,57,0.0475,0,0,0
NS7001,NS7001,25,15,0.6,0,0,0
NS7002,NS7002,25,20,0.8,0,0,0
NS7003,NS7003,25,17,0.68,0,0,0
NS7004,NS7004,25,15,0.6,0,0,0
NS7005,NS7005,25,14,0.56,19,9,19
NS7006,NS7006,25,13,0.52,0,0,0
NS7007,NS7007,25,32,1.28,0,0,0
NS7008,NS7008,25,13,0.52,0,0,0
NS7009,NS7009,25,15,0.6,0,0,0
NS7010,NS7010,25,17,0.68,0,0,0
NS7011,NS7011,25,19,0.76,0,0,0
PAPER_BOX,PAPER_BOX,200,14,0.07,0,0,0
PEN BLACK CASE,PEN BLACK CASE,100,20,0.2,18,14,15
PEN POUCH,PEN POUCH,1,0,0,0,0,0
PEN TIN CASE,PEN TIN CASE,100,22,0.22,18,14,15
PF1008,PF1008,1,0,0,0,0,0
PF1008,PF1008/B,24,42,1.75,0,0,0
PF1008,PF1008/GY,24,42,1.75,0,0,0
PF1008,PF1008/NY,24,42,1.75,0,0,0
PF1008,PF1008/WE,24,42,1.75,0,0,0
PF1009,PF1009/B,12,25,2.1,0,0,0
PF1009,PF1009/G,12,25,2.1,0,0,0
PF1009,PF1009/NY,12,25,2.1,0,0,0
PF1009,PF1009/WE,12,25,2.1,0,0,0
PF1010,PF1010,12,38,3.2,0,0,0
PH1005,PH1005/M,50,30,0.6,17,17,9
PH1005,PH1005/R,50,30,0.6,17,17,9
PN1001,PN1001,100,8,0.08,0,0,0
PN1002,PN1002,100,8,0.08,0,0,0
PN1003,PN1003/B,500,36,0.075,0,0,0
PN1003,PN1003/BU,500,36,0.075,0,0,0
PN1003,PN1003/G,500,36,0.075,0,0,0
PN1003,PN1003/R,500,36,0.075,0,0,0
PN1003,PN1003/S,500,36,0.075,0,0,0
PN1004,PN1004,30,34,1.2,0,0,0
POUCH,POUCH,200,14,0.07,0,0,0
POUCH0PEN,POUCH0PEN,0,0,0,0,0,0
PT/1235,PT/1235,0,0,0,0,0,0
PT/BLT,PT/BLT1235,0,0,0,0,0,0
PT/BLT,PT/BLT1686,0,0,0,0,0,0
PT/BLT,PT/BLT1745,0,0,0,0,0,0
PT0011,PT0011L,100,4,0.4,0,0,0
PT0011,PT0011M,100,6,0.06,0,0,0
PT0776,PT0776L,100,8,0.08,0,0,0
PT0776,PT0776M,100,12,0.12,0,0,0
PT100,PT100,0,0,0,0,0,0
PT101,PT101,0,0,0,0,0,0
PT102,PT102,0,0,0,0,0,0
PT103,PT103,0,0,0,0,0,0
PT104,PT104,0,0,0,0,0,0
PT105,PT105,0,0,0,0,0,0
PT106,PT106,0,0,0,0,0,0
PT107,PT107,0,0,0,0,0,0
PT108,PT108,0,0,0,0,0,0
PT109,PT109,0,0,0,0,0,0
PT110,PT110L,0,0,0,0,0,0
PT110,PT110M,0,0,0,0,0,0
PT110,PT110S,0,0,0,0,0,0
PT111,PT111,0,0,0,0,0,0
PT112,PT112,0,0,0,0,0,0
PT113,PT113RB,0,0,0,0,0,0
PT113,PT113RP,0,0,0,0,0,0
PT114,PT114,0,0,0,0,0,0
PT115,PT115,0,0,0,0,0,0
PT116,PT116,25,8,0.32,0,0,0
PT117,PT117,25,11,0.5,0,0,0
PT118,PT118,0,0,0,0,0,0
PT118,PT118/CIG/B,1,0,0,0,0,0
PT118,PT118/CIG/BS,1,0,0,0,0,0
PT118,PT118/CIG/C,1,0,0,0,0,0
PT118,PT118/CIG/H,1,0,0,0,0,0
PT118,PT118/CIG/TS,1,0,0,0,0,0
PT118,PT118/GOLD/C,1,0,0,0,0,0
PT118,PT118/MMI/B,1,0,0,0,0,0
PT118,PT118/MMI/H,1,0,0,0,0,0
PT118,PT118/MMI/S,1,0,0,0,0,0
PT118,PT118/OIM/B,1,0,0,0,0,0
PT1181,PT1181,1,0,0,0,0,0
PT1181,PT1181/W,1,0,0,0,0,0
PT1181,PT1181/W/B,1,0,0,0,0,0
PT119,PT119MB,100,25,0.25,12,15,12
PT119,PT119MBB,0,0,0,0,0,0
PT119,PT119MP,100,6,0.06,0,0,0
PT119,PT119MP/CAP,100,8,0.08,0,0,0
PT119,PT119RB,100,35,0.35,12,15,12
PT119,PT119RB1,1,0,0,0,0,0
PT119,PT119RBB,1,0,0,0,0,0
PT119,PT119RP,100,6,0.06,0,0,0
PT119,PT119RPL,1,0,0,0,0,0
PT120,PT120,0,0,0,0,0,0
PT121,PT121B,100,5,0.05,0,0,0
PT121,PT121C,100,5,0.05,0,0,0
PT122,PT122,0,0,0,0,0,0
PT123,PT123,0,0,0,0,0,0
PT123,PT123M,0,0,0,0,0,0
PT123,PT123S,0,0,0,0,0,0
PT124,PT124,0,0,0,0,0,0
PT125,PT125,0,0,0,0,0,0
PT126,PT126,0,0,0,0,0,0
PT127,PT127,0,0,0,0,0,0
PT128,PT128,1,0,0,0,0,0
PT129,PT129,1,0,0,0,0,0
PT130,PT130B,1,0,0,0,0,0
PT130,PT130D,1,0,0,0,0,0
PT131,PT131B,1,0,0,0,0,0
PT131,PT131D,1,0,0,0,0,0
PT132,PT132DB,0,0,0,0,0,0
PT132,PT132LB,0,0,0,0,0,0
PT132,PT132Y,0,0,0,0,0,0
PT133,PT133,0,0,0,0,0,0
PT134,PT134,0,0,0,0,0,0
PT1354,PT1354,0,0,0,0,0,0
PT135,PT135B,0,0,0,0,0,0
PT135,PT135W,0,0,0,0,0,0
PT136,PT136,0,0,0,0,0,0
PT137,PT137B,0,0,0,0,0,0
PT137,PT137C,0,0,0,0,0,0
PT138,PT138,0,0,0,0,0,0
PT139,PT139,0,0,0,0,0,0
PT140,PT140SV,0,0,0,0,0,0
PT140,PT140XB,0,0,0,0,0,0
PT141,PT141CL,100,12,0.12,0,0,0
PT141,PT141CM,100,20,0.2,0,0,0
PT141,PT141CM/SIL,1,0,0,0,0,0
PT141,PT141L,100,12,0.12,0,0,0
PT141,PT141M,100,20,0.2,0,0,0
PT142,PT142SV,0,0,0,0,0,0
PT142,PT142XB,0,0,0,0,0,0
PT1436,PT1436L,0,0,0,0,0,0
PT1436,PT1436M,0,0,0,0,0,0
PT1438,PT1438_M,0,0,0,0,0,0
PT1438,PT143B,200,29,0.15,0,0,0
PT143,PT143W,200,29,0.15,0,0,0
PT144,PT144B,200,24,0.12,0,0,0
PT144,PT144R,200,24,0.12,0,0,0
PT144,PT144W,200,24,0.12,0,0,0
PT145,PT145,50,32,0.64,26,7,18
PT1462,PT146,1,0,0,0,0,0
PT1461,PT1461,0,0,0,0,0,0
PT1462,PT1462,100,7,0.07,0,0,0
PT1462,PT1462L,100,5,0.05,0,0,0
PT147,PT147B,0,0,0,0,0,0
PT147,PT147Y,0,0,0,0,0,0
PT148,PT148,0,0,0,0,0,0
PT149,PT149,0,0,0,0,0,0
PT150,PT150,200,21,0.11,0,0,0
PT151,PT151,200,23,0.12,0,0,0
PT152,PT152B,0,0,0,0,0,0
PT152,PT152S,0,0,0,0,0,0
PT152,PT152Y,0,0,0,0,0,0
PT153,PT153G,50,42,0.85,29,14,8
PT153,PT153S,50,42,0.85,29,14,8
PT154,PT154G,50,35,0.7,0,0,0
PT154,PT154S,50,35,0.7,0,0,0
PT155,PT155G,0,0,0,0,0,0
PT155,PT155S,0,0,0,0,0,0
PT156,PT156G,100,15,0.15,0,0,0
PT156,PT156S,100,15,0.15,0,0,0
PT1576,PT1576,0,0,0,0,0,0
PT1576,PT1576L,0,0,0,0,0,0
PT1579,PT1579,1,9,0.09,0,0,0
PT1579,PT1579/AIR/B,1,0,0,0,0,0
PT1579,PT1579/PER/B,0,0,0,0,0,0
PT1579,PT1579/SIL,0,0,0,0,0,0
PT1579,PT1579L,100,5,0.05,0,0,0
PT1579,PT1579LS,0,0,0,0,0,0
PT1579,PT1579MS,1,0,0,0,0,0
PT157,PT157G,100,15,0.15,0,0,0
PT157,PT157S,100,15,0.15,0,0,0
PT158,PT158,100,18,0.18,0,0,0
PT1580,PT1580L/ANT,100,8,0.08,0,0,0
PT1580,PT1580L/SIL,100,8,0.08,0,0,0
PT1580,PT1580L/TIT,100,8,0.08,0,0,0
PT1580,PT1580M/ANT,100,13,0.13,0,0,0
PT1580,PT1580M/SIL,100,13,0.13,0,0,0
PT1580,PT1580M/TIT,100,13,0.13,0,0,0
PT1581,PT1581L/SIL,100,8,0.08,0,0,0
PT1581,PT1581L/TIT,100,8,0.08,0,0,0
PT1581,PT1581M/SIL,100,11,0.11,0,0,0
PT1581,PT1581M/TIT,100,11,0.11,0,0,0
PT1585,PT1585L,100,8,0.08,0,0,0
PT1585,PT1585M,100,11,0.11,0,0,0
PT1587,PT1587L/2T,100,16,0.16,0,0,0
PT1587,PT1587L/SIL,100,16,0.16,0,0,0
PT1587,PT1587M/2T,100,25,0.25,0,0,0
PT1587,PT1587M/SIL,100,25,0.25,0,0,0
PT1588,PT1588L/GUN,100,16,0.16,0,0,0
PT1588,PT1588L/SIL,100,16,0.16,0,0,0
PT1588,PT1588M/GUN,100,25,0.25,0,0,0
PT1588,PT1588M/SIL,100,25,0.25,0,0,0
PT159,PT159,100,15,0.15,0,0,0
PT1598,PT1598,0,0,0,0,0,0
PT1600,PT1600L,0,0,0,0,0,0
PT1600,PT1600M,0,0,0,0,0,0
PT1602,PT1602L,0,0,0,0,0,0
PT1602,PT1602M,0,0,0,0,0,0
PT1605,PT1605L,0,0,0,0,0,0
PT1605,PT1605M,0,0,0,0,0,0
PT1608,PT1608L,0,0,0,0,0,0
PT1608,PT1608M,0,0,0,0,0,0
PT160A,PT160A,0,0,0,0,0,0
PT161G,PT161G,0,0,0,0,0,0
PT1620,PT1620,0,0,0,0,0,0
PT1630,PT1630L,100,8,0.08,0,0,0
PT1630,PT1630M,100,12,0.12,0,0,0
PT1633L,PT1633L,0,0,0,0,0,0
PT164,PT164,0,0,0,0,0,0
PT1667,PT1667L,100,5,0.05,0,0,0
PT1667,PT1667M,100,7,0.07,0,0,0
PT168,PT1681L,0,0,0,0,0,0
PT168,PT1681M,0,0,0,0,0,0
PT1684,PT1684,0,0,0,0,0,0
PT169,PT169,0,0,0,0,0,0
PT171,PT171,40,30,0.75,16,12,20
PT172,PT172,20,17,0.85,17.5,14.5,11.5
PT173,PT173,60,41,0.7,20.5,16.5,14.5
PT174,PT174,40,29,0.75,0,0,0
PT175,PT175,30,20,0.7,0,0,0
PT176,PT176,250,36,0.144,0,0,0
PT177,PT177,250,36,0.15,0,0,0
PT178,PT178,250,39,0.16,0,0,0
PT179,PT179,250,38,0.16,15,12,12
PT180,PT180,100,33,0.35,0,0,0
PT181,PT181,60,43,0.72,0,0,0
PT182,PT182/B,200,29,0.15,0,0,0
PT182,PT182/S,200,29,0.15,0,0,0
PT182,PT183BU,500,28,0.06,0,0,0
PT183,PT183R,500,28,0.06,0,0,0
PT184,PT184,120,39,0.35,0,0,0
PT184,PT1847_2T,1,0,0,0,0,0
PT185,PT185,1,0,0,0,0,0
PT186,PT186,100,27,0.3,0,0,0
PT187,PT187,40,40,1,0,0,0
PT188,PT188/BLU,400,40,0.1,13,22,16
PT188,PT188/GRN,400,40,0.1,13,22,16
PT188,PT188/PNK,400,40,0.1,13,22,16
PT188,PT188/PUR,400,40,0.1,13,22,16
PT188,PT188/YEL,400,40,0.1,13,22,16
PT189,PT189,250,18,0.08,0,0,0
PT190,PT190,250,25,0.1,0,0,0
PT191,PT191,250,22,0.09,0,0,0
PT192,PT192,250,25,0.1,15,12,12
PT193,PT193,300,39,0.13,14,15,14
PT194,PT194,250,19,0.08,0,0,0
PT195,PT195,300,33,0.11,0,0,0
PT196,PT196,250,24,0.1,0,0,0
PT197,PT197,200,18,0.09,0,0,0
PT198,PT198,250,23,0.1,0,0,0
PT199,PT199,100,24,0.24,0,0,0
PT200,PT200,40,16,0.4,0,0,0
PT201,PT201/BLU,180,21,0.12,16,12,10
PT201,PT201/RED,180,21,0.12,16,12,10
PT201,PT201/WHT,180,21,0.12,16,12,10
PT202,PT202/BLK,200,40,0.17,13,11,16
PT202,PT202/WHT,240,40,0.17,0,0,0
PT203,PT203,500,34,0.07,0,0,0
PT204,PT204/BLU,600,24,0.04,0,0,0
PT204,PT204/RED,600,24,0.04,16,14,13
PT204,PT204/YEL,600,24,0.04,16,14,13
PT206,PT206,300,34,0.12,16,15,13
PT207,PT207,250,27,0.11,0,0,0
PT208,PT208,250,32,0.13,15,12,12
PT209,PT209,250,24,0.1,0,0,0
PT210,PT210,120,24,0.2,18,15,14
PT211,PT211,100,57,0.6,0,0,0
PT212,PT212,250,32,0.13,0,0,0
PT213,PT213,200,40,0.2,12,13,17
PT214,PT214,200,25,0.13,12,8.5,14
PT214,PT2144L,1,0,0,0,0,0
PT214,PT2144M,1,0,0,0,0,0
PT215,PT215,200,20,0.1,8,12,8.5
PT216,PT216,200,17,0.085,9.5,6,11
PT2164,PT2164L,100,15,0.15,0,0,0
PT2164,PT2164M,100,25,0.25,0,0,0
PT217,PT217,200,19,0.1,8,12,8.5
PT218,PT218,120,22,0.19,5,7.5,13.5
PT219,PT219,192,44,0.23,0,0,0
PT2192,PT2192L,100,4,0.04,0,0,0
PT2192,PT2192L0SILVER,0,0,0,0,0,0
PT2192,PT2192M,100,7,0.07,0,0,0
PT220,PT220,130,30,0.24,0,0,0
PT221,PT221,120,44,0.37,0,0,0
PT222,PT222,240,46,0.2,0,0,0
PT223,PT223,432,38,0.09,0,0,0
PT224,PT224,288,35,0.13,0,0,0
PT225,PT225,250,40,0.16,0,0,0
PT226,PT226,20,29,1.45,12.5,19.25,11.5
PT227,PT227,1,0,0,0,0,0
PT228,PT228,50,20,0.4,12,11,21
PT229,PT229,50,23,0.46,20,11,20
PT230,PT230,100,32,0.32,16.5,21,13
PT231,PT231,200,26,0.13,12.5,9,19.5
PT232,PT232,200,17,0.09,16,12,10
PT233,PT233,200,19,0.1,16,12,10
PT234,PT234,200,16,0.08,16,12,10
PT235,PT235/WHT,200,23,0.12,14,16,17
PT235,PT235/YEL,200,23,0.12,14,16,17
PT236,PT236/BLU,200,32,0.16,13,17,14
PT236,PT236/WHT,200,32,0.16,13,17,14
PT237,PT237,200,18,0.09,16,12,10
PT238,PT238,200,8,0.04,0,0,0
PT2486,PT2486,1,0,0,0,0,0
PT2522,PT2522L,0,0,0,0,0,0
PT2522,PT2522M,0,0,0,0,0,0
PT2624,PT2624,0,0,0,0,0,0
PT2654,PT2654G,1,0,0.08,0,0,0
PT2654,PT2654S,1,0,0.08,0,0,0
PT2790,PT2790,0,0,0,0,0,0
PT281,PT281/BLK,200,18,0.09,16,12,10
PT281,PT281/SLV,200,18,0.09,16,12,10
PT282,PT282/BLK,200,21,0.105,16,12,10
PT282,PT282/SLV,200,21,0.105,16,12,10
PT283,PT283/BLK,200,17,0.09,16,12,10
PT283,PT283/SLV,200,17,0.09,16,12,10
PT284,PT284/BLK,200,21,0.105,16,12,10
PT284,PT284/SLV,200,21,0.105,16,12,10
PT285,PT285/BLK,200,19,0.1,16,12,10
PT285,PT285/SLV,200,19,0.09,16,12,10
PT286,PT286/BLK,200,19,0.1,16,12,10
PT286,PT286/SLV,200,19,0.1,16,12,10
PT287,PT287/BLK,200,18,0.09,16,12,10
PT287,PT287/SLV,200,18,0.09,16,12,10
PT288,PT288/BLK,200,18,0.09,16,12,10
PT288,PT288/SLV,200,18,0.09,16,12,10
PT289,PT289,50,26,0.52,13,9,21
PT290,PT290,40,25,0.63,14,10,17
PT291,PT291,50,24,0.48,20,8,14
PT291,PT292,40,26,0.65,17,9,17
PT293,PT293,50,27,0.54,13,9,21
PT294,PT294,40,26,0.65,14,10,17
PT295,PT295,200,12,0.06,9,11,17
PT296,PT296,200,13,0.07,9,11,17
PT297,PT297,200,30,0.15,9,11,17
PT298,PT298,100,30,0.3,6,10,23
PT298,PT2987S,100,25,0.25,0,0,0
PT298,PT2987T,100,25,0.25,0,0,0
PT299,PT299,100,26,0.26,6,10,23
PT2995,PT2995,1,6,0.05,0,0,0
PT300,PT300,1,0,0,0,0,0
PT301,PT301,1,0,0,0,0,0
PT302,PT302,1,0,0,0,0,0
PT303,PT303,1,0,0,0,0,0
PT304,PT304,1,0,0,0,0,0
PT305,PT305,1,0,0,0,0,0
PT306,PT306,1,0,0,0,0,0
PT307,PT307,1,0,0,0,0,0
PT308,PT308,1,0,0,0,0,0
PT309,PT309,1,0,0,0,0,0
PT310,PT310,1,0,0,0,0,0
PT311,PT311,1,0,0,0,0,0
PT3111,PT3111G,100,5,0.05,0,0,0
PT3111,PT3111S,100,5,0.05,0,0,0
PT312,PT312,1,0,0,0,0,0
PT313,PT313,1,0,0,0,0,0
PT3149,PT3149,0,0,0,0,0,0
PT3214,PT3214,100,23,0.23,0,0,0
PT3215,PT3215,100,23,0.23,0,0,0
PT3126,PT3216L,1,0,0,0,0,0
PT3126,PT3216M,1,0,0,0,0,0
PT3240,PT3240,100,10,0.1,0,0,0
PT3241,PT3241L,100,15,0.15,0,0,0
PT3241,PT3241M,100,25,0.3,0,0,0
PT3242,PT3242L,100,15,0.15,0,0,0
PT3242,PT3242M,100,25,0.25,0,0,0
PT3243,PT3243,100,20,0.2,0,0,0
PT3245,PT3245L,100,4,0.04,0,0,0
PT3245,PT3245M,100,7,0.07,0,0,0
PT3246,PT3246,1,0,0,0,0,0
PT3248D,PT3248DL,100,5,0.05,0,0,0
PT3248D,PT3248DM,100,10,0.1,0,0,0
PT3248,PT3248L,100,5,0.05,0,0,0
PT3248,PT3248M,100,10,0.1,0,0,0
PT3249,PT3249L0G,100,5,0.05,0,0,0
PT3249,PT3249L0S,100,5,0.05,0,0,0
PT3249,PT3249M0G,100,8,0.08,0,0,0
PT3249,PT3249M0S,100,8,0.08,0,0,0
PT3334,PT3334,1,0,0,0,0,0
PT3437,PT3437B,1,0,0,0,0,0
PT3437,PT3437R,1,0,0,0,0,0
PT3444,PT3444G,100,5,0.05,0,0,0
PT3444,PT3444S,100,5,0.05,0,0,0
PT3449,PT3449,1,0,0,0,0,0
PT34490X,PT34490X,1,0,0,0,0,0
PT3450,PT3450,1,0,0,0,0,0
PT34500X,PT34500X,1,0,0,0,0,0
PT3452,PT3452,1,0,0,0,0,0
PT3453,PT3453,1,0,0,0,0,0
PT3454,PT3454,1,0,0,0,0,0
PT3456,PT3456,25,8,0.3,0,0,0
PT3460,PT3460,100,25,0.25,0,0,0
PT3461,PT3461,1,0,0,0,0,0
PT3462,PT3462,1,0,0,0,0,0
PT3468,PT3468B,1,0,0,0,0,0
PT3468,PT3468P,1,0,0,0,0,0
PT3468,PT3468PK,1,0,0,0,0,0
PT3468,PT3468R,1,0,0,0,0,0
PT3468,PT3468W,1,0,0,0,0,0
PT3469,PT3469,1,0,0,0,0,0
PT3473,PT3473,0,0,0,0,0,0
PT3473,PT3473/RED,0,0,0,0,0,0
PT3476,PT3476/R,1,0,0,0,0,0
PT3485,PT3485,1,0,0,0,0,0
PT3492,PT3492G,1,0,0,0,0,0
PT3492,PT3492S,1,0,0,0,0,0
PT3492,PT3492T,1,0,0,0,0,0
PT3493,PT3493,1,0,0,0,0,0
PT3495,PT3495,1,0,0,0,0,0
PT3496,PT3496B,1,0,0,0,0,0
PT3496,PT3496G,1,0,0,0,0,0
PT3496,PT3496P,1,0,0,0,0,0
PT3496,PT3496R,1,0,0,0,0,0
PT3496,PT3496S,1,0,0,0,0,0
PT3496,PT3496W,1,0,0,0,0,0
PT3508,PT3508G,100,13,0.13,0,0,0
PT3508,PT3508S,100,13,0.13,0,0,0
PT3508,PT3508T,100,13,0.13,0,0,0
PT3527,PT3527,1,0,0,0,0,0
PT3533,PT3533B,1,0,0,0,0,0
PT3533,PT3533PK,1,0,0,0,0,0
PT3533,PT3533R,1,0,0,0,0,0
PT3533,PT3533W,1,0,0,0,0,0
PT431202T,PT4312_2T,100,37,0.37,0,0,0
PT43120Silver,PT4312_SILVER,100,37,0.37,0,0,0
PT43400Black,PT4340/BLK,100,9.5,0.095,0,0,0
PT43400Blue,PT4340/BLU,100,9.5,0.095,0,0,0
PT43400Brown,PT4340/BRN,100,9.5,0.095,0,0,0
PT43470Black,PT4347/BLK,1,22,0.22,0,0,0
PT43470Brown,PT4347/BRN,1,22,0.22,0,0,0
PT43560Black,PT4356/BLK,100,24,0.24,0,0,0
PT43560Blue,PT4356/BLU,100,24,0.24,0,0,0
PT43560Purple,PT4356/PUR,100,24,0.24,0,0,0
PT43560Red,PT4356/RED,100,24,0.24,0,0,0
PT43560Royal,PT4356/ROYAL,100,24,0.24,0,0,0
PT43560White,PT4356/WHT,100,24,0.24,0,0,0
PT437102T,PT4371_2T,100,32,0.32,0,0,0
PT43710Silver,PT4371_SILVER,100,32,0.32,0,0,0
PW4001,PW4001/G,50,45,0.9,24,8,8
PW4001,PW4001/S,50,45,0.9,24,8,8
PW4002,PW4002/G,50,40,0.8,24,8,8
PW4002,PW4002/S,50,40,0.8,24,8,8
PW4003,PW4003/S,50,45,0.9,24,8,8
RC5003,RC5003,40,19,0.48,0,0,0
RC5004,RC5004/B,60,30,0.5,0,0,0
RC5004,RC5004/BU,60,30,0.5,0,0,0
RC5004,RC5004/P,60,30,0.5,0,0,0
RC5004,RC5004/R,60,30,0.5,0,0,0
RC5005,RC5005/BU,60,30,0.5,0,0,0
Rotary engrave,Rotary engrave,0,0,0,0,0,0
RUN CHARGE,RUN CHARGE,1,0,0,0,0,0
SERVICE,SERVICE,0,0,0,0,0,0
SETUP,SETUP,1,0,0,0,0,0
SHIP,SHIP,0,0,0,0,0,0
SILK SCREEN,SILK SCREEN,1,0,0,0,0,0
SOPHI,SOPHI,100,5,0.05,0,0,0
SOPHI,SOPHI0L,0,0,0,0,0,0
SOPHI,SOPHI0M,0,0,0,0,0,0
SP105,SP1006/GRN,40,23,0.58,0,0,0
SP106,SP1006/ORG,40,23,0.58,0,0,0
SP106,SP1006/RED,40,23,0.58,0,0,0
SP105,SP105/BLK,40,23,0.58,18,22,15
SP105,SP105/SLV,40,23,0.58,18,22,15
SP105,SP105/TIT,100,48,0.58,18,16,19
SP105,SP105/WHT,100,55,0.55,20,17,16
SP106,SP106/BLK,40,23,0.58,18,22,15
SP106,SP106/GRN,40,23,0.58,18,22,15
SP106,SP106/ORG,40,23,0.58,0,0,0
SP106,SP106/RED,40,23,0.58,0,0,0
SP106,SP106/WHT,40,23,0.58,23,17,16
SPORT,SPORT,1,0,0,0,0,0
SPORT,SPORT/B,100,6,0.06,0,0,0
SPORT,SPORT/RED/S,0,0,0,0,0,0
SPORT,SPORT/T,100,6,0.06,0,0,0
SPORT,SPORT0M/WH,0,0,0,0,0,0
TIN_CASE,TIN_CASE,100,20,0.2,19,14,15
TM5006,TM5006,24,20,0.84,20,15,11.5
Y3245,Y3245,1,0,0,0,0,0
